{"stats":{"minecraft:broken":{"minecraft:diamond_helmet":2,"minecraft:diamond_boots":3,"minecraft:stone_axe":1,"minecraft:diamond_chestplate":1,"minecraft:shield":2,"iceandfire:stymphalian_bird_dagger":1,"minecraft:iron_axe":1,"minecraft:iron_pickaxe":2,"minecraft:iron_helmet":1},"minecraft:killed":{"minecraft:witch":2,"minecraft:spider":14,"lummobs:skull_1":3,"iceandfire:stymphalian_bird":1,"minecraft:skeleton":220,"minecraft:silverfish":3,"minecraft:magma_cube":2,"minecraft:pig":13,"minecraft:zombie_villager":3,"minecraft:creeper":27,"minecraft:sheep":2,"minecraft:zombie":197,"lummobs:angel":2,"minecraft:cow":38,"iceandfire:deathworm":1,"iceandfire:troll":1,"minecraft:bat":1,"minecraft:ravager":21,"iceandfire:ghost":1,"minecraft:wither_skeleton":33},"minecraft:mined":{"minecraft:dark_oak_planks":30,"minecraft:spruce_planks":9,"minecraft:prismarine_wall":2,"minecraft:black_terracotta":6,"minecraft:sculk_vein":3,"minecraft:brewing_stand":5,"minecraft:obsidian":4,"minecraft:granite":11,"minecraft:grass_block":6,"minecraft:deepslate_bricks":5,"minecraft:mud_bricks":20,"minecraft:mud_brick_wall":2,"minecraft:oxeye_daisy":1,"minecraft:spawner":68,"minecraft:tall_seagrass":2,"minecraft:magma_block":4,"ironfurnaces:gold_furnace":5,"minecraft:dark_oak_trapdoor":1,"minecraft:cobbled_deepslate":6,"minecraft:iron_ore":142,"minecraft:sticky_piston":4,"minecraft:fire":9,"minecraft:moss_carpet":1,"minecraft:deepslate_lapis_ore":5,"minecraft:dark_oak_stairs":2,"minecraft:iron_bars":1,"minecraft:deepslate_brick_stairs":1,"minecraft:spruce_slab":3,"minecraft:tripwire":1,"minecraft:orange_bed":6,"minecraft:waxed_cut_copper":10,"biomesoplenty:jacaranda_leaves":12,"minecraft:deepslate_redstone_ore":9,"ironfurnaces:iron_furnace":1,"minecraft:torch":4,"minecraft:note_block":4,"minecraft:cobblestone":3,"ironfurnaces:emerald_furnace":1,"minecraft:slime_block":4,"minecraft:oak_planks":122,"minecraft:wall_torch":5,"minecraft:cauldron":1,"minecraft:seagrass":1,"biomesoplenty:magic_leaves":10,"minecraft:mud":1,"minecraft:tinted_glass":8,"minecraft:waxed_copper_block":1,"minecraft:grass":7,"minecraft:oak_log":63,"minecraft:dirt":6,"minecraft:smooth_quartz":1,"minecraft:waxed_weathered_cut_copper":1,"minecraft:netherrack":1,"minecraft:polished_deepslate_wall":1,"minecraft:oak_leaves":20,"minecraft:deepslate":95,"minecraft:exposed_cut_copper":1,"minecraft:tuff":9,"minecraft:deepslate_diamond_ore":3,"minecraft:dark_oak_fence":1,"minecraft:redstone_wire":2,"minecraft:moss_block":4,"minecraft:hay_block":10,"biomesoplenty:jacaranda_log":1,"minecraft:spore_blossom":1,"minecraft:oxidized_cut_copper":44,"minecraft:waxed_oxidized_cut_copper":5,"minecraft:furnace":2,"minecraft:packed_mud":8,"minecraft:acacia_trapdoor":1,"minecraft:andesite":1,"minecraft:gold_block":1,"biomesoplenty:magic_log":15,"minecraft:polished_deepslate":1,"minecraft:bookshelf":182,"minecraft:deepslate_iron_ore":29,"minecraft:shroomlight":2,"minecraft:lantern":12,"minecraft:stone":101,"minecraft:ender_chest":8,"minecraft:comparator":1,"minecraft:crafting_table":25,"minecraft:honey_block":5,"minecraft:emerald_ore":5,"minecraft:sculk_sensor":2,"minecraft:tall_grass":1,"minecraft:lapis_ore":6,"minecraft:deepslate_gold_ore":19,"minecraft:diorite":2,"minecraft:coal_ore":98,"minecraft:cyan_carpet":1,"minecraft:gray_carpet":2,"minecraft:small_dripleaf":2,"minecraft:waxed_exposed_cut_copper":3,"minecraft:iron_trapdoor":2,"minecraft:infested_stone":1},"minecraft:killed_by":{"minecraft:wither_skeleton":4,"iceandfire:cyclops":3,"minecraft:creeper":2,"minecraft:zombie":20,"minecraft:spider":1,"minecraft:skeleton":22},"minecraft:dropped":{"sophisticatedbackpacks:iron_backpack":1,"minecraft:moss_block":13,"minecraft:dark_oak_stairs":2,"minecraft:glow_ink_sac":2,"minecraft:crafting_table":1,"minecraft:lantern":12,"minecraft:red_carpet":8,"minecraft:packed_mud":6,"minecraft:redstone_lamp":5,"minecraft:dirt":3,"minecraft:dark_oak_fence":1,"minecraft:chain":8,"minecraft:iron_pickaxe":1,"minecraft:dark_oak_planks":25,"minecraft:cyan_carpet":2,"minecraft:cauldron":2,"minecraft:bone":23,"minecraft:lever":5,"minecraft:iron_nugget":7,"minecraft:cobbled_deepslate":37,"minecraft:tinted_glass":2,"minecraft:black_terracotta":6,"minecraft:rotten_flesh":190,"minecraft:glowstone_dust":10,"minecraft:warped_sign":1,"sophisticatedbackpacks:diamond_backpack":1,"minecraft:gunpowder":22,"minecraft:leather_leggings":1,"minecraft:spruce_slab":3,"minecraft:arrow":1,"minecraft:scaffolding":1,"minecraft:quartz":27,"minecraft:acacia_fence":1,"minecraft:clock":1,"minecraft:lilac":3,"simplyswords:iron_greataxe":2,"minecraft:iron_helmet":1,"minecraft:cobblestone":8,"minecraft:spruce_stairs":2,"minecraft:acacia_trapdoor":4,"minecraft:stick":2,"ironfurnaces:emerald_furnace":1,"minecraft:mud_brick_wall":4,"minecraft:rose_bush":1,"minecraft:iron_leggings":1,"minecraft:iron_axe":1,"iceandfire:stymphalian_bird_dagger":2,"minecraft:mud":2,"minecraft:orange_bed":1,"minecraft:string":9,"minecraft:gray_carpet":2,"minecraft:polished_deepslate":4,"minecraft:player_head":1,"minecraft:tuff":8,"minecraft:iron_boots":1,"minecraft:comparator":1,"minecraft:waxed_exposed_cut_copper":4,"minecraft:lily_of_the_valley":1,"minecraft:diamond_sword":3,"minecraft:potato":1,"minecraft:mud_bricks":5,"minecraft:shield":1,"minecraft:waxed_cut_copper":5,"minecraft:peony":2,"minecraft:spruce_trapdoor":6,"minecraft:spruce_planks":4,"minecraft:iron_chestplate":1,"minecraft:oak_sapling":9,"minecraft:waxed_oxidized_cut_copper":3,"minecraft:golden_sword":1,"minecraft:spider_eye":1,"minecraft:bow":5,"minecraft:stone_pickaxe":1,"minecraft:wooden_pickaxe":1},"minecraft:crafted":{"minecraft:oak_planks":260,"ironfurnaces:iron_furnace":1,"ironfurnaces:diamond_furnace":1,"minecraft:cooked_mutton":0,"simplyswords:iron_greataxe":3,"minecraft:diamond_helmet":4,"minecraft:diamond_leggings":4,"minecraft:iron_boots":1,"sophisticatedbackpacks:copper_backpack":2,"minecraft:chest":2,"minecraft:emerald":9,"sophisticatedbackpacks:backpack":2,"minecraft:cooked_porkchop":3,"minecraft:diamond_axe":3,"minecraft:crafting_table":2,"minecraft:wooden_pickaxe":1,"minecraft:iron_helmet":1,"minecraft:gold_block":1,"minecraft:iron_chestplate":1,"minecraft:diamond_pickaxe":1,"minecraft:shield":3,"sophisticatedbackpacks:diamond_backpack":3,"minecraft:stick":44,"minecraft:iron_ingot":27,"minecraft:iron_pickaxe":3,"minecraft:gold_ingot":0,"ironfurnaces:gold_furnace":1,"minecraft:iron_nugget":18,"minecraft:furnace":1,"ironfurnaces:emerald_furnace":1,"minecraft:iron_axe":1,"minecraft:stone_pickaxe":1,"minecraft:diamond_boots":4,"sophisticatedbackpacks:iron_backpack":3,"minecraft:cooked_beef":0,"sophisticatedbackpacks:gold_backpack":3,"minecraft:bucket":1,"minecraft:stone_axe":1,"minecraft:air":0,"minecraft:oak_boat":2,"iceandfire:stymphalian_bird_dagger":2,"minecraft:iron_leggings":1,"minecraft:torch":28,"minecraft:diamond_chestplate":5},"minecraft:custom":{"lootr:looted_stat":177,"minecraft:interact_with_crafting_table":96,"minecraft:open_barrel":3,"minecraft:leave_game":19,"minecraft:time_since_death":55996,"minecraft:damage_resisted":391,"minecraft:sprint_one_cm":1356842,"minecraft:damage_blocked_by_shield":6965,"minecraft:drop":168,"minecraft:play_noteblock":5,"minecraft:play_time":528520,"minecraft:deaths":62,"minecraft:jump":5270,"minecraft:walk_on_water_one_cm":84856,"minecraft:interact_with_furnace":67,"minecraft:interact_with_loom":1,"minecraft:sleep_in_bed":6,"minecraft:open_enderchest":3,"minecraft:damage_dealt":129380,"minecraft:crouch_one_cm":40401,"minecraft:interact_with_smoker":1,"minecraft:inspect_dispenser":3,"minecraft:horse_one_cm":785880,"minecraft:interact_with_smithing_table":8,"minecraft:inspect_dropper":1,"minecraft:mob_kills":606,"minecraft:inspect_hopper":2,"minecraft:climb_one_cm":30064,"minecraft:walk_one_cm":1921451,"minecraft:damage_dealt_absorbed":21,"minecraft:sneak_time":15321,"minecraft:walk_under_water_one_cm":47779,"minecraft:boat_one_cm":329175,"minecraft:interact_with_lectern":1,"minecraft:interact_with_blast_furnace":2,"minecraft:total_world_time":528520,"minecraft:tune_noteblock":2,"minecraft:time_since_rest":21865,"minecraft:damage_absorbed":2442,"minecraft:damage_taken":33369,"minecraft:swim_one_cm":13825,"minecraft:fly_one_cm":707401,"minecraft:open_chest":4,"minecraft:fall_one_cm":169584},"minecraft:picked_up":{"minecraft:diamond_sword":5,"minecraft:birch_button":2,"minecraft:brewing_stand":4,"minecraft:golden_sword":1,"minecraft:polished_deepslate":3,"minecraft:string":24,"minecraft:dark_oak_trapdoor":4,"minecraft:sticky_piston":1,"minecraft:cobbled_deepslate":95,"minecraft:comparator":4,"minecraft:spruce_planks":5,"minecraft:waxed_exposed_cut_copper":4,"minecraft:rose_bush":1,"minecraft:ender_eye":10,"minecraft:iron_pickaxe":1,"minecraft:furnace":2,"minecraft:stick":2,"minecraft:acacia_fence":1,"minecraft:porkchop":65,"minecraft:torch":12,"minecraft:spruce_stairs":2,"minecraft:diorite":2,"minecraft:cauldron":4,"minecraft:brown_carpet":2,"minecraft:orange_bed":7,"minecraft:rotten_flesh":267,"minecraft:waxed_cut_copper":16,"minecraft:obsidian":60,"minecraft:cobblestone":67,"minecraft:magma_block":4,"iceandfire:stymphalian_bird_dagger":1,"minecraft:lilac":3,"minecraft:mud_brick_stairs":1,"minecraft:potato":2,"minecraft:tuff":11,"minecraft:lantern":13,"minecraft:lapis_lazuli":65,"minecraft:dirt":12,"minecraft:bone":355,"minecraft:bow":7,"minecraft:raw_gold":19,"minecraft:glowstone_dust":5,"minecraft:moss_block":17,"minecraft:oak_planks":121,"ironfurnaces:iron_furnace":1,"biomesoplenty:magic_sapling":1,"minecraft:black_terracotta":7,"iceandfire:stymphalian_bird_feather":6,"sophisticatedbackpacks:iron_backpack":1,"minecraft:lily_of_the_valley":1,"minecraft:diamond":3,"minecraft:slime_block":4,"minecraft:soul_lantern":1,"minecraft:lever":8,"minecraft:granite":11,"minecraft:emerald":5,"minecraft:oak_sapling":9,"minecraft:dark_oak_fence":1,"minecraft:mud":3,"minecraft:waxed_oxidized_cut_copper":4,"minecraft:crafting_table":26,"iceandfire:witherbone":16,"minecraft:ladder":1,"minecraft:leather_leggings":1,"minecraft:redstone_lamp":2,"minecraft:gold_block":1,"biomesoplenty:jacaranda_sapling":1,"minecraft:shield":1,"minecraft:moss_carpet":2,"minecraft:item_frame":4,"minecraft:compass":1,"minecraft:cyan_carpet":2,"minecraft:dark_prismarine_stairs":1,"minecraft:beef":41,"minecraft:oak_boat":3,"minecraft:player_head":5,"minecraft:spruce_slab":6,"minecraft:lectern":1,"minecraft:tinted_glass":6,"minecraft:chest":1,"minecraft:spruce_trapdoor":13,"minecraft:raw_iron":170,"iceandfire:troll_tusk":1,"minecraft:glow_item_frame":6,"minecraft:music_disc_mellohi":1,"minecraft:note_block":4,"sophisticatedbackpacks:backpack":1,"minecraft:stone_button":4,"iceandfire:deathworm_chitin_white":4,"minecraft:carrot":2,"minecraft:redstone":43,"minecraft:dark_oak_planks":42,"minecraft:arrow":246,"minecraft:diamond_chestplate":3,"minecraft:peony":2,"ironfurnaces:gold_furnace":5,"minecraft:hay_block":10,"minecraft:warped_sign":1,"minecraft:saddle":12,"minecraft:mutton":2,"minecraft:rail":1,"minecraft:white_wool":1,"minecraft:mud_bricks":37,"minecraft:clock":3,"minecraft:glow_ink_sac":4,"minecraft:leather":42,"minecraft:packed_mud":13,"minecraft:oak_log":65,"minecraft:gunpowder":35,"minecraft:cooked_mutton":3,"minecraft:red_carpet":16,"minecraft:gray_carpet":23,"minecraft:acacia_trapdoor":4,"minecraft:iron_ingot":4,"biomesoplenty:magic_log":15,"minecraft:oxidized_cut_copper":43,"minecraft:dark_oak_stairs":5,"sophisticatedbackpacks:diamond_backpack":1,"minecraft:book":547,"minecraft:scaffolding":5,"simplyswords:iron_greataxe":2,"minecraft:quartz":27,"minecraft:mud_brick_wall":5,"minecraft:spider_eye":4,"minecraft:prismarine_wall":2,"minecraft:honey_block":5,"minecraft:scute":1,"minecraft:diamond_axe":5,"ironfurnaces:emerald_furnace":1,"minecraft:coal":110},"minecraft:used":{"minecraft:moss_block":1,"minecraft:moss_carpet":2,"minecraft:shield":107,"minecraft:oxidized_cut_copper":116,"minecraft:cut_copper":3,"minecraft:tuff":3,"minecraft:lantern":67,"minecraft:birch_button":2,"ironfurnaces:iron_furnace":1,"simplyswords:iron_scythe":124,"minecraft:bow":46,"minecraft:furnace":2,"simplyswords:iron_spear":128,"minecraft:diorite":2,"minecraft:stone_pickaxe":49,"minecraft:oak_planks":259,"minecraft:wooden_pickaxe":9,"minecraft:diamond_axe":160,"iceandfire:stymphalian_bird_dagger":914,"minecraft:white_wool":1,"minecraft:golden_apple":69,"minecraft:glow_berries":4,"minecraft:crossbow":60,"minecraft:diamond_sword":1361,"minecraft:oak_boat":3,"ironfurnaces:gold_furnace":5,"minecraft:flint_and_steel":9,"minecraft:spruce_planks":1,"minecraft:orange_bed":5,"minecraft:torch":41,"minecraft:dirt":9,"minecraft:granite":11,"minecraft:dark_oak_planks":6,"minecraft:waxed_cut_copper":4,"minecraft:iron_axe":339,"minecraft:mud_bricks":10,"minecraft:golden_carrot":50,"minecraft:cooked_beef":15,"minecraft:cobbled_deepslate":45,"minecraft:cooked_mutton":5,"minecraft:water_bucket":7,"minecraft:waxed_oxidized_cut_copper":1,"minecraft:crafting_table":26,"simplyswords:iron_greataxe":311,"minecraft:mud":1,"minecraft:diamond_pickaxe":222,"minecraft:iron_pickaxe":552,"minecraft:stone_axe":98,"minecraft:cobblestone":45,"minecraft:potion":2,"ironfurnaces:emerald_furnace":1,"minecraft:cooked_porkchop":31,"minecraft:bucket":8,"minecraft:splash_potion":1}},"DataVersion":3465}