{"stats":{"minecraft:crafted":{"minecraft:oak_planks":220,"ironfurnaces:gold_furnace":1,"minecraft:cooked_porkchop":2,"minecraft:crafting_table":2,"minecraft:iron_nugget":9,"minecraft:iron_helmet":1,"minecraft:wooden_pickaxe":1,"minecraft:furnace":1,"ironfurnaces:iron_furnace":1,"minecraft:gold_block":1,"minecraft:bucket":1,"minecraft:stone_axe":1,"minecraft:air":0,"simplyswords:iron_greataxe":1,"minecraft:iron_boots":1,"minecraft:iron_chestplate":1,"minecraft:shield":1,"minecraft:iron_axe":1,"minecraft:stick":40,"minecraft:iron_ingot":27,"minecraft:iron_pickaxe":2,"minecraft:stone_pickaxe":1,"minecraft:gold_ingot":0,"minecraft:iron_leggings":1,"minecraft:torch":28},"minecraft:killed":{"minecraft:magma_cube":2,"minecraft:pig":12,"minecraft:witch":1,"minecraft:zombie_villager":2,"iceandfire:troll":1,"minecraft:spider":5,"lummobs:skull_1":1,"minecraft:sheep":1,"minecraft:skeleton":30,"minecraft:zombie":20,"minecraft:silverfish":3},"minecraft:custom":{"minecraft:interact_with_furnace":54,"lootr:looted_stat":6,"minecraft:mob_kills":81,"minecraft:interact_with_crafting_table":38,"minecraft:tune_noteblock":1,"minecraft:leave_game":7,"minecraft:time_since_death":6905,"minecraft:sleep_in_bed":1,"minecraft:climb_one_cm":16639,"minecraft:time_since_rest":3579,"minecraft:sprint_one_cm":198251,"minecraft:damage_taken":4729,"minecraft:walk_one_cm":280225,"minecraft:damage_blocked_by_shield":685,"minecraft:drop":14,"minecraft:damage_dealt":14202,"minecraft:damage_dealt_absorbed":21,"minecraft:swim_one_cm":2189,"minecraft:fly_one_cm":199184,"minecraft:play_time":100799,"minecraft:open_chest":4,"minecraft:crouch_one_cm":5706,"minecraft:deaths":10,"minecraft:sneak_time":1593,"minecraft:walk_under_water_one_cm":10414,"minecraft:jump":1634,"minecraft:walk_on_water_one_cm":39842,"minecraft:inspect_dispenser":1,"minecraft:total_world_time":100799,"minecraft:fall_one_cm":59466},"minecraft:picked_up":{"minecraft:crafting_table":5,"minecraft:glow_ink_sac":4,"minecraft:tuff":8,"minecraft:oak_log":55,"minecraft:gunpowder":1,"minecraft:lapis_lazuli":65,"minecraft:dirt":9,"minecraft:string":16,"minecraft:cooked_mutton":3,"minecraft:bone":31,"minecraft:bow":3,"minecraft:cobbled_deepslate":55,"minecraft:raw_gold":19,"minecraft:iron_ingot":1,"minecraft:spruce_slab":1,"minecraft:chest":1,"ironfurnaces:iron_furnace":1,"minecraft:furnace":2,"minecraft:raw_iron":70,"iceandfire:troll_tusk":1,"minecraft:torch":1,"sophisticatedbackpacks:backpack":1,"minecraft:porkchop":51,"minecraft:diorite":2,"minecraft:redstone":43,"minecraft:spider_eye":2,"minecraft:orange_bed":1,"minecraft:arrow":26,"minecraft:rotten_flesh":20,"minecraft:diamond":3,"ironfurnaces:gold_furnace":3,"minecraft:hay_block":10,"minecraft:scute":1,"minecraft:granite":11,"minecraft:oak_sapling":9,"minecraft:mutton":1,"minecraft:coal":94,"minecraft:white_wool":1,"minecraft:cobblestone":63},"minecraft:killed_by":{"minecraft:skeleton":4,"minecraft:creeper":1,"minecraft:spider":1,"minecraft:zombie":1},"minecraft:dropped":{"minecraft:glow_ink_sac":2,"minecraft:cobbled_deepslate":12,"minecraft:tuff":4,"minecraft:gunpowder":8,"minecraft:oak_sapling":9,"minecraft:spider_eye":1,"minecraft:bow":1,"minecraft:string":9},"minecraft:mined":{"minecraft:deepslate_redstone_ore":9,"minecraft:tuff":6,"minecraft:deepslate_diamond_ore":3,"minecraft:sculk_vein":3,"ironfurnaces:iron_furnace":1,"minecraft:crafting_table":5,"minecraft:granite":11,"minecraft:grass_block":3,"minecraft:redstone_wire":2,"minecraft:tall_grass":1,"minecraft:deepslate_gold_ore":19,"minecraft:lapis_ore":6,"minecraft:diorite":2,"minecraft:spawner":1,"minecraft:hay_block":10,"minecraft:furnace":2,"ironfurnaces:gold_furnace":3,"minecraft:iron_ore":41,"minecraft:cobbled_deepslate":4,"minecraft:andesite":1,"minecraft:deepslate_lapis_ore":5,"minecraft:grass":4,"minecraft:coal_ore":94,"minecraft:oak_log":53,"minecraft:deepslate_iron_ore":29,"minecraft:iron_bars":1,"minecraft:smooth_quartz":1,"minecraft:dirt":6,"minecraft:stone":62,"minecraft:tripwire":1,"minecraft:oak_leaves":20,"minecraft:spruce_slab":2,"minecraft:deepslate":54,"minecraft:orange_bed":1,"minecraft:infested_stone":1},"minecraft:used":{"minecraft:cooked_mutton":3,"ironfurnaces:gold_furnace":3,"minecraft:water_bucket":1,"minecraft:diorite":2,"minecraft:oak_planks":1,"minecraft:stone_pickaxe":49,"minecraft:wooden_pickaxe":9,"minecraft:shield":20,"minecraft:torch":22,"minecraft:dirt":9,"minecraft:crafting_table":6,"simplyswords:iron_greataxe":125,"minecraft:granite":11,"minecraft:iron_axe":78,"minecraft:iron_pickaxe":315,"minecraft:stone_axe":98,"ironfurnaces:iron_furnace":1,"minecraft:cobblestone":12,"minecraft:furnace":2,"minecraft:cooked_porkchop":9,"minecraft:bucket":2,"minecraft:cobbled_deepslate":33},"minecraft:broken":{"minecraft:stone_axe":1,"minecraft:iron_pickaxe":1}},"DataVersion":3465}