{"stats":{"minecraft:broken":{"minecraft:diamond_chestplate":1,"minecraft:shield":1,"iceandfire:stymphalian_bird_dagger":1,"minecraft:iron_axe":1,"minecraft:stone_axe":1,"minecraft:iron_pickaxe":2,"minecraft:iron_helmet":1},"minecraft:killed":{"minecraft:witch":1,"minecraft:spider":10,"lummobs:skull_1":2,"iceandfire:stymphalian_bird":1,"minecraft:skeleton":101,"minecraft:silverfish":3,"minecraft:magma_cube":2,"minecraft:pig":12,"minecraft:zombie_villager":3,"iceandfire:troll":1,"minecraft:bat":1,"minecraft:ravager":3,"minecraft:creeper":3,"minecraft:sheep":2,"minecraft:zombie":125,"lummobs:angel":1,"minecraft:wither_skeleton":19},"minecraft:mined":{"minecraft:dark_oak_planks":15,"minecraft:tuff":9,"minecraft:spruce_planks":8,"minecraft:deepslate_diamond_ore":3,"minecraft:black_terracotta":5,"minecraft:sculk_vein":3,"minecraft:brewing_stand":5,"minecraft:obsidian":4,"minecraft:granite":11,"minecraft:dark_oak_fence":1,"minecraft:grass_block":3,"minecraft:redstone_wire":2,"minecraft:mud_brick_wall":1,"minecraft:mud_bricks":14,"minecraft:moss_block":1,"minecraft:oxeye_daisy":1,"minecraft:spawner":16,"minecraft:hay_block":10,"minecraft:packed_mud":6,"minecraft:furnace":2,"ironfurnaces:gold_furnace":5,"minecraft:sticky_piston":2,"minecraft:iron_ore":142,"minecraft:cobbled_deepslate":6,"minecraft:andesite":1,"minecraft:moss_carpet":1,"minecraft:deepslate_lapis_ore":5,"minecraft:dark_oak_stairs":1,"biomesoplenty:magic_log":15,"minecraft:bookshelf":182,"minecraft:deepslate_iron_ore":29,"minecraft:iron_bars":1,"minecraft:lantern":5,"minecraft:stone":100,"minecraft:spruce_slab":3,"minecraft:tripwire":1,"minecraft:orange_bed":4,"minecraft:deepslate_redstone_ore":9,"ironfurnaces:iron_furnace":1,"minecraft:crafting_table":17,"minecraft:torch":4,"minecraft:honey_block":2,"minecraft:emerald_ore":5,"minecraft:sculk_sensor":2,"minecraft:tall_grass":1,"minecraft:cobblestone":3,"minecraft:slime_block":2,"minecraft:lapis_ore":6,"minecraft:deepslate_gold_ore":19,"minecraft:oak_planks":113,"minecraft:diorite":2,"minecraft:wall_torch":5,"minecraft:seagrass":1,"biomesoplenty:magic_leaves":10,"minecraft:mud":1,"minecraft:tinted_glass":2,"minecraft:grass":5,"minecraft:oak_log":53,"minecraft:coal_ore":98,"minecraft:cyan_carpet":1,"minecraft:dirt":6,"minecraft:smooth_quartz":1,"minecraft:gray_carpet":1,"minecraft:waxed_exposed_cut_copper":1,"minecraft:oak_leaves":20,"minecraft:deepslate":69,"minecraft:infested_stone":1},"minecraft:killed_by":{"minecraft:wither_skeleton":1,"iceandfire:cyclops":3,"minecraft:creeper":2,"minecraft:spider":1,"minecraft:skeleton":10,"minecraft:zombie":8},"minecraft:dropped":{"sophisticatedbackpacks:iron_backpack":1,"minecraft:moss_block":6,"minecraft:dark_oak_stairs":1,"minecraft:lilac":1,"minecraft:glow_ink_sac":2,"simplyswords:iron_greataxe":2,"minecraft:iron_helmet":1,"minecraft:cobblestone":7,"minecraft:spruce_stairs":1,"minecraft:acacia_trapdoor":3,"minecraft:red_carpet":8,"minecraft:dirt":1,"minecraft:redstone_lamp":5,"minecraft:packed_mud":6,"minecraft:mud_brick_wall":4,"minecraft:dark_oak_fence":1,"minecraft:chain":2,"minecraft:iron_leggings":1,"minecraft:iron_axe":1,"iceandfire:stymphalian_bird_dagger":1,"minecraft:iron_pickaxe":1,"minecraft:dark_oak_planks":19,"minecraft:string":9,"minecraft:gray_carpet":2,"minecraft:cyan_carpet":2,"minecraft:bone":2,"minecraft:lever":2,"minecraft:iron_nugget":7,"minecraft:cobbled_deepslate":12,"minecraft:tuff":8,"minecraft:black_terracotta":5,"minecraft:rotten_flesh":150,"minecraft:iron_boots":1,"minecraft:warped_sign":1,"minecraft:waxed_exposed_cut_copper":2,"minecraft:lily_of_the_valley":1,"minecraft:mud_bricks":1,"minecraft:gunpowder":8,"minecraft:spruce_planks":4,"minecraft:iron_chestplate":1,"minecraft:oak_sapling":9,"minecraft:leather_leggings":1,"minecraft:spider_eye":1,"minecraft:spruce_slab":1,"minecraft:stone_pickaxe":1,"minecraft:wooden_pickaxe":1,"minecraft:bow":5,"minecraft:quartz":27},"minecraft:crafted":{"minecraft:oak_planks":220,"ironfurnaces:gold_furnace":1,"minecraft:iron_nugget":18,"minecraft:furnace":1,"ironfurnaces:iron_furnace":1,"ironfurnaces:diamond_furnace":1,"minecraft:cooked_mutton":0,"simplyswords:iron_greataxe":3,"ironfurnaces:emerald_furnace":1,"minecraft:diamond_leggings":1,"minecraft:diamond_helmet":1,"minecraft:iron_boots":1,"minecraft:iron_axe":1,"minecraft:stone_pickaxe":1,"minecraft:diamond_boots":1,"sophisticatedbackpacks:iron_backpack":1,"minecraft:emerald":9,"minecraft:cooked_porkchop":3,"minecraft:diamond_axe":1,"minecraft:crafting_table":2,"minecraft:wooden_pickaxe":1,"minecraft:iron_helmet":1,"sophisticatedbackpacks:gold_backpack":1,"minecraft:gold_block":1,"minecraft:bucket":1,"minecraft:stone_axe":1,"minecraft:air":0,"minecraft:oak_boat":1,"minecraft:iron_chestplate":1,"minecraft:diamond_pickaxe":1,"minecraft:shield":2,"iceandfire:stymphalian_bird_dagger":2,"sophisticatedbackpacks:diamond_backpack":1,"minecraft:stick":44,"minecraft:iron_ingot":27,"minecraft:iron_pickaxe":3,"minecraft:iron_leggings":1,"minecraft:gold_ingot":0,"minecraft:torch":28,"minecraft:diamond_chestplate":1},"minecraft:custom":{"minecraft:interact_with_smithing_table":4,"lootr:looted_stat":61,"minecraft:mob_kills":302,"minecraft:inspect_hopper":2,"minecraft:interact_with_crafting_table":70,"minecraft:open_barrel":2,"minecraft:leave_game":9,"minecraft:time_since_death":22343,"minecraft:climb_one_cm":19099,"minecraft:sprint_one_cm":531236,"minecraft:walk_one_cm":962681,"minecraft:damage_blocked_by_shield":3090,"minecraft:drop":94,"minecraft:damage_dealt_absorbed":21,"minecraft:play_time":290853,"minecraft:deaths":32,"minecraft:sneak_time":8563,"minecraft:walk_under_water_one_cm":19484,"minecraft:boat_one_cm":98055,"minecraft:interact_with_lectern":1,"minecraft:jump":3318,"minecraft:interact_with_blast_furnace":1,"minecraft:walk_on_water_one_cm":59840,"minecraft:total_world_time":290853,"minecraft:interact_with_furnace":64,"minecraft:tune_noteblock":2,"minecraft:sleep_in_bed":3,"minecraft:time_since_rest":22367,"minecraft:damage_taken":15947,"minecraft:damage_dealt":60132,"minecraft:swim_one_cm":6899,"minecraft:fly_one_cm":369221,"minecraft:open_chest":4,"minecraft:crouch_one_cm":23295,"minecraft:interact_with_smoker":1,"minecraft:fall_one_cm":107966,"minecraft:inspect_dispenser":1},"minecraft:picked_up":{"minecraft:mud":1,"minecraft:crafting_table":17,"iceandfire:witherbone":8,"minecraft:leather_leggings":1,"minecraft:diamond_sword":1,"minecraft:birch_button":2,"minecraft:brewing_stand":4,"minecraft:string":22,"minecraft:moss_carpet":2,"minecraft:sticky_piston":1,"minecraft:cyan_carpet":2,"minecraft:cobbled_deepslate":70,"minecraft:comparator":1,"minecraft:spruce_planks":4,"minecraft:dark_prismarine_stairs":1,"minecraft:waxed_exposed_cut_copper":2,"minecraft:player_head":1,"minecraft:oak_boat":1,"minecraft:iron_pickaxe":1,"minecraft:spruce_slab":2,"minecraft:lectern":1,"minecraft:tinted_glass":2,"minecraft:chest":1,"minecraft:spruce_trapdoor":10,"minecraft:furnace":2,"minecraft:raw_iron":170,"iceandfire:troll_tusk":1,"minecraft:spruce_stairs":1,"minecraft:music_disc_mellohi":1,"minecraft:glow_item_frame":1,"minecraft:torch":12,"sophisticatedbackpacks:backpack":1,"minecraft:porkchop":63,"minecraft:stone_button":4,"minecraft:diorite":2,"minecraft:carrot":2,"minecraft:redstone":43,"minecraft:cauldron":1,"minecraft:dark_oak_planks":21,"minecraft:orange_bed":4,"minecraft:diamond_chestplate":2,"minecraft:arrow":146,"minecraft:rotten_flesh":166,"ironfurnaces:gold_furnace":5,"minecraft:hay_block":10,"minecraft:warped_sign":1,"minecraft:saddle":2,"minecraft:obsidian":4,"minecraft:mutton":2,"minecraft:cobblestone":66,"minecraft:white_wool":1,"minecraft:clock":1,"iceandfire:stymphalian_bird_dagger":1,"minecraft:mud_bricks":21,"minecraft:lilac":1,"minecraft:glow_ink_sac":4,"minecraft:packed_mud":6,"minecraft:tuff":11,"minecraft:oak_log":55,"minecraft:gunpowder":3,"minecraft:lantern":6,"minecraft:lapis_lazuli":65,"minecraft:dirt":10,"minecraft:red_carpet":8,"minecraft:cooked_mutton":3,"minecraft:bone":174,"minecraft:gray_carpet":9,"minecraft:bow":5,"minecraft:acacia_trapdoor":3,"minecraft:raw_gold":19,"minecraft:iron_ingot":3,"biomesoplenty:magic_log":15,"minecraft:moss_block":4,"minecraft:oak_planks":112,"ironfurnaces:iron_furnace":1,"minecraft:dark_oak_stairs":3,"minecraft:book":546,"biomesoplenty:magic_sapling":1,"minecraft:black_terracotta":5,"simplyswords:iron_greataxe":2,"minecraft:quartz":27,"iceandfire:stymphalian_bird_feather":6,"sophisticatedbackpacks:iron_backpack":1,"minecraft:mud_brick_wall":4,"minecraft:lily_of_the_valley":1,"minecraft:spider_eye":4,"minecraft:slime_block":2,"minecraft:diamond":3,"minecraft:honey_block":2,"minecraft:soul_lantern":1,"minecraft:lever":2,"minecraft:diamond_axe":2,"minecraft:granite":11,"minecraft:scute":1,"minecraft:emerald":5,"minecraft:oak_sapling":9,"minecraft:dark_oak_fence":1,"minecraft:coal":105},"minecraft:used":{"minecraft:moss_block":1,"minecraft:moss_carpet":2,"ironfurnaces:gold_furnace":5,"minecraft:shield":58,"minecraft:orange_bed":3,"minecraft:torch":41,"minecraft:dirt":9,"minecraft:tuff":3,"minecraft:granite":11,"minecraft:dark_oak_planks":2,"minecraft:lantern":25,"minecraft:iron_axe":339,"minecraft:mud_bricks":2,"minecraft:birch_button":2,"ironfurnaces:iron_furnace":1,"minecraft:golden_carrot":30,"minecraft:bow":46,"minecraft:furnace":2,"minecraft:cobbled_deepslate":45,"simplyswords:iron_spear":128,"minecraft:cooked_mutton":5,"minecraft:water_bucket":3,"minecraft:diorite":2,"minecraft:stone_pickaxe":49,"minecraft:oak_planks":254,"minecraft:wooden_pickaxe":9,"minecraft:diamond_axe":105,"iceandfire:stymphalian_bird_dagger":914,"minecraft:white_wool":1,"minecraft:glow_berries":4,"minecraft:crafting_table":18,"simplyswords:iron_greataxe":311,"minecraft:mud":1,"minecraft:diamond_pickaxe":4,"minecraft:iron_pickaxe":552,"minecraft:stone_axe":98,"minecraft:diamond_sword":204,"minecraft:cobblestone":45,"minecraft:cooked_porkchop":31,"minecraft:bucket":4,"minecraft:oak_boat":1}},"DataVersion":3465}