{"stats":{"minecraft:crafted":{"minecraft:stone_shovel":1,"minecraft:furnace":1,"minecraft:cooked_mutton":6,"minecraft:iron_axe":1,"minecraft:stone_pickaxe":1,"minecraft:chest":2,"minecraft:cooked_beef":27,"minecraft:cooked_porkchop":6,"minecraft:crafting_table":1,"minecraft:spruce_planks":160,"minecraft:wooden_pickaxe":1,"minecraft:spruce_door":3,"minecraft:birch_planks":24,"minecraft:stone_axe":1,"minecraft:air":0,"minecraft:stick":32,"minecraft:iron_ingot":22,"minecraft:iron_pickaxe":1,"minecraft:wooden_axe":1,"minecraft:stone_sword":2,"minecraft:white_bed":1,"minecraft:torch":4},"minecraft:killed":{"minecraft:skeleton":1,"minecraft:pig":4,"minecraft:sheep":4,"minecraft:zombie":6,"minecraft:cow":3},"minecraft:custom":{"lootr:looted_stat":10,"minecraft:mob_kills":18,"minecraft:interact_with_crafting_table":33,"minecraft:interact_with_campfire":1,"minecraft:leave_game":3,"minecraft:time_since_death":122886,"minecraft:climb_one_cm":17649,"minecraft:sprint_one_cm":645413,"minecraft:walk_one_cm":621209,"minecraft:drop":53,"minecraft:damage_dealt_absorbed":80,"minecraft:play_time":176086,"minecraft:deaths":1,"minecraft:sneak_time":2744,"minecraft:walk_under_water_one_cm":7712,"minecraft:boat_one_cm":126071,"minecraft:jump":2487,"minecraft:walk_on_water_one_cm":29864,"minecraft:total_world_time":176086,"minecraft:interact_with_furnace":33,"minecraft:sleep_in_bed":11,"minecraft:time_since_rest":2420,"minecraft:damage_taken":2148,"minecraft:damage_dealt":3845,"minecraft:swim_one_cm":56961,"minecraft:fly_one_cm":252126,"minecraft:open_chest":37,"minecraft:crouch_one_cm":8648,"minecraft:fall_one_cm":57919,"minecraft:inspect_dispenser":1},"minecraft:picked_up":{"minecraft:crafting_table":3,"minecraft:iron_chestplate":1,"biomesoplenty:jacaranda_sapling":2,"minecraft:golden_shovel":1,"minecraft:flint_and_steel":1,"biomesoplenty:tall_lavender":1,"biomesoplenty:black_sand":1,"minecraft:cobbled_deepslate":157,"minecraft:spruce_planks":6,"minecraft:beef":6,"minecraft:redstone_torch":4,"minecraft:calcite":2,"minecraft:iron_nugget":13,"minecraft:iron_pickaxe":2,"minecraft:light_gray_wool":1,"biomesoplenty:wildflower":15,"biomesoplenty:redwood_wood":1,"minecraft:melon_slice":34,"minecraft:chest":1,"minecraft:furnace":1,"minecraft:egg":1,"minecraft:stick":6,"minecraft:raw_iron":22,"minecraft:torch":24,"sophisticatedbackpacks:backpack":1,"minecraft:porkchop":6,"minecraft:redstone":23,"iceandfire:lightning_lily":2,"minecraft:rotten_flesh":17,"minecraft:arrow":10,"biomesoplenty:jacaranda_log":40,"minecraft:golden_hoe":1,"minecraft:mutton":6,"minecraft:white_wool":3,"minecraft:cobblestone":39,"biomesoplenty:lavender":1,"minecraft:birch_log":6,"minecraft:lilac":1,"minecraft:cooked_beef":1,"minecraft:andesite":7,"minecraft:leather":5,"minecraft:birch_planks":2,"minecraft:tuff":27,"minecraft:lapis_lazuli":53,"minecraft:dirt":59,"minecraft:bone":4,"minecraft:apple":1,"minecraft:wheat_seeds":3,"minecraft:raw_gold":8,"minecraft:quartz":5,"minecraft:white_bed":1,"minecraft:spruce_log":45,"biomesoplenty:mahogany_log":144,"minecraft:purple_bed":2,"minecraft:diamond":1,"minecraft:granite":1,"minecraft:bread":61,"minecraft:golden_horse_armor":1,"minecraft:emerald":5,"biomesoplenty:pink_daffodil":45,"minecraft:oak_sapling":14,"minecraft:black_wool":1,"minecraft:coal":64},"minecraft:dropped":{"minecraft:wheat_seeds":3,"minecraft:granite":1,"minecraft:stick":15,"minecraft:dirt":1,"minecraft:iron_pickaxe":2,"minecraft:stone_shovel":1,"minecraft:rotten_flesh":10,"minecraft:light_gray_wool":1,"sophisticatedbackpacks:backpack":1,"minecraft:cooked_mutton":3,"minecraft:andesite":7,"minecraft:oak_sapling":3,"minecraft:spruce_log":5},"minecraft:mined":{"iceandfire:lightning_lily":2,"minecraft:tuff":27,"minecraft:spruce_planks":6,"minecraft:white_bed":1,"minecraft:oak_sapling":1,"minecraft:mossy_cobblestone":3,"minecraft:grass_block":19,"minecraft:spruce_leaves":10,"biomesoplenty:jacaranda_log":41,"minecraft:furnace":1,"minecraft:iron_ore":20,"minecraft:cobbled_deepslate":1,"biomesoplenty:lavender":1,"minecraft:deepslate_lapis_ore":5,"biomesoplenty:high_grass":9,"minecraft:deepslate_iron_ore":2,"minecraft:vine":1,"biomesoplenty:glowflower":1,"minecraft:stone":33,"biomesoplenty:jacaranda_leaves":3,"minecraft:deepslate_redstone_ore":6,"biomesoplenty:wildflower":19,"biomesoplenty:black_sand":1,"minecraft:crafting_table":3,"minecraft:torch":2,"minecraft:emerald_ore":5,"minecraft:calcite":2,"minecraft:melon":6,"minecraft:chest":1,"biomesoplenty:high_grass_plant":8,"minecraft:tall_grass":2,"minecraft:deepslate_gold_ore":8,"minecraft:purple_bed":2,"minecraft:birch_planks":2,"minecraft:birch_log":6,"biomesoplenty:mahogany_log":147,"biomesoplenty:pink_daffodil":50,"minecraft:lilac":1,"minecraft:spruce_log":42,"minecraft:grass":7,"minecraft:coal_ore":65,"minecraft:gravel":2,"minecraft:dirt":8,"biomesoplenty:redwood_wood":1,"minecraft:oak_leaves":18,"minecraft:deepslate":142,"minecraft:fern":3},"minecraft:used":{"minecraft:spruce_planks":72,"minecraft:chest":3,"minecraft:torch":8,"minecraft:dirt":24,"minecraft:golden_shovel":4,"minecraft:iron_axe":225,"biomesoplenty:redwood_wood":1,"minecraft:furnace":2,"minecraft:oak_sapling":10,"minecraft:egg":1,"minecraft:cooked_beef":16,"minecraft:potato":22,"minecraft:cobbled_deepslate":24,"minecraft:calcite":2,"biomesoplenty:black_sand":1,"minecraft:cooked_mutton":3,"minecraft:spruce_door":1,"minecraft:birch_planks":5,"minecraft:stone_pickaxe":109,"minecraft:wooden_pickaxe":9,"minecraft:crafting_table":4,"minecraft:white_bed":2,"minecraft:apple":1,"minecraft:bread":5,"minecraft:iron_pickaxe":204,"minecraft:stone_axe":90,"minecraft:cobblestone":6,"minecraft:purple_bed":2,"minecraft:cooked_porkchop":6},"minecraft:broken":{"minecraft:iron_axe":1}},"DataVersion":3465}