{"stats":{"minecraft:crafted":{"minecraft:oak_planks":8,"minecraft:stick":8,"minecraft:iron_pickaxe":1,"minecraft:iron_ingot":6,"minecraft:wooden_pickaxe":1,"minecraft:stone_pickaxe":1,"minecraft:iron_sword":1,"minecraft:furnace":2,"minecraft:torch":24},"minecraft:used":{"minecraft:oak_log":3,"minecraft:apple":4,"minecraft:stone_pickaxe":18,"minecraft:iron_pickaxe":80,"minecraft:wooden_pickaxe":60,"minecraft:iron_sword":13,"minecraft:dirt":14,"minecraft:torch":32,"minecraft:cobblestone":10,"minecraft:crafting_table":3,"minecraft:furnace":2,"minecraft:cobbled_deepslate":17},"minecraft:mined":{"minecraft:deepslate_redstone_ore":4,"minecraft:tuff":7,"minecraft:furnace":1,"minecraft:deepslate_diamond_ore":1,"minecraft:iron_ore":7,"minecraft:crafting_table":4,"minecraft:torch":6,"minecraft:glow_lichen":2,"minecraft:oak_log":5,"minecraft:coal_ore":10,"minecraft:deepslate_iron_ore":1,"minecraft:dirt":15,"minecraft:copper_ore":6,"minecraft:deepslate_gold_ore":4,"minecraft:stone":29,"minecraft:deepslate":42},"minecraft:custom":{"minecraft:time_since_rest":317,"minecraft:interact_with_furnace":8,"minecraft:sprint_one_cm":106043,"minecraft:damage_taken":2286,"minecraft:walk_one_cm":166102,"minecraft:mob_kills":4,"minecraft:damage_dealt":1274,"minecraft:swim_one_cm":7125,"minecraft:fly_one_cm":35754,"minecraft:interact_with_crafting_table":16,"minecraft:crouch_one_cm":69,"minecraft:play_time":51807,"minecraft:deaths":8,"minecraft:sneak_time":14,"minecraft:walk_under_water_one_cm":9934,"minecraft:jump":723,"minecraft:leave_game":1,"minecraft:time_since_death":70,"minecraft:walk_on_water_one_cm":33563,"minecraft:total_world_time":51807,"minecraft:fall_one_cm":36249},"minecraft:killed_by":{"minecraft:zombie_villager":1,"minecraft:skeleton":3,"minecraft:zombie":3},"minecraft:picked_up":{"minecraft:stick":5,"minecraft:crafting_table":4,"minecraft:raw_iron":8,"minecraft:glow_ink_sac":1,"minecraft:torch":8,"minecraft:tuff":7,"minecraft:oak_log":5,"minecraft:redstone":17,"minecraft:spider_eye":1,"minecraft:string":1,"minecraft:dirt":14,"minecraft:raw_copper":25,"minecraft:rotten_flesh":1,"minecraft:apple":4,"minecraft:diamond":1,"minecraft:cobbled_deepslate":36,"minecraft:raw_gold":4,"minecraft:iron_ingot":2,"minecraft:oak_sapling":5,"minecraft:coal":14,"minecraft:cobblestone":21,"minecraft:furnace":1},"minecraft:killed":{"minecraft:zombie":3,"minecraft:spider":1}},"DataVersion":3465}