{"stats":{"minecraft:crafted":{"minecraft:cooked_beef":10,"minecraft:oak_planks":152,"minecraft:cooked_porkchop":9,"minecraft:crafting_table":3,"minecraft:spruce_planks":36,"minecraft:iron_helmet":1,"minecraft:wooden_pickaxe":1,"minecraft:cooked_chicken":11,"minecraft:furnace":3,"minecraft:cooked_salmon":3,"minecraft:stone_axe":1,"minecraft:cooked_mutton":24,"minecraft:air":0,"minecraft:oak_boat":1,"minecraft:iron_boots":1,"minecraft:iron_chestplate":1,"minecraft:gold_nugget":27,"minecraft:shield":1,"minecraft:iron_axe":2,"minecraft:stick":140,"minecraft:iron_ingot":67,"minecraft:iron_pickaxe":3,"minecraft:stone_pickaxe":5,"minecraft:wooden_axe":1,"minecraft:iron_leggings":1,"minecraft:torch":348},"minecraft:killed":{"minecraft:pig":7,"lummobs:slabturtle_2":1,"minecraft:salmon":3,"minecraft:skeleton":2,"minecraft:sheep":17,"minecraft:zombie":14,"iceandfire:ghost":2,"minecraft:chicken":10,"iceandfire:deathworm":2,"minecraft:cow":18},"minecraft:custom":{"minecraft:interact_with_furnace":44,"lootr:looted_stat":5,"minecraft:mob_kills":77,"minecraft:interact_with_crafting_table":25,"minecraft:interact_with_cartography_table":1,"minecraft:interact_with_grindstone":1,"minecraft:leave_game":2,"minecraft:time_since_death":32580,"minecraft:sleep_in_bed":6,"minecraft:climb_one_cm":122,"minecraft:time_since_rest":21747,"minecraft:sprint_one_cm":704899,"minecraft:damage_absorbed":40,"minecraft:damage_taken":2602,"minecraft:walk_one_cm":322445,"minecraft:trigger_trapped_chest":2,"minecraft:drop":46,"minecraft:damage_dealt":8862,"minecraft:swim_one_cm":54565,"minecraft:talked_to_villager":3,"minecraft:fly_one_cm":218686,"minecraft:open_chest":9,"minecraft:crouch_one_cm":12484,"minecraft:play_time":186064,"minecraft:deaths":2,"minecraft:sneak_time":5205,"minecraft:walk_under_water_one_cm":18181,"minecraft:boat_one_cm":168300,"minecraft:jump":2272,"minecraft:walk_on_water_one_cm":22578,"minecraft:total_world_time":186064,"minecraft:fall_one_cm":50477},"minecraft:picked_up":{"minecraft:crafting_table":3,"minecraft:feather":8,"minecraft:chicken":11,"minecraft:andesite":12,"minecraft:salmon":3,"minecraft:leather":22,"minecraft:potato":6,"minecraft:oak_log":38,"iceandfire:ectoplasm":4,"minecraft:dirt":14,"iceandfire:manuscript":10,"minecraft:blue_bed":7,"minecraft:bone":4,"minecraft:stone_bricks":2,"minecraft:cracked_stone_bricks":1,"minecraft:gold_nugget":20,"minecraft:iron_ingot":2,"minecraft:beef":39,"minecraft:oak_boat":2,"minecraft:iron_nugget":4,"minecraft:light_gray_wool":1,"minecraft:chest":1,"minecraft:furnace":4,"minecraft:egg":2,"minecraft:emerald_block":4,"minecraft:stick":2,"minecraft:raw_iron":30,"iceandfire:ghost_chest":1,"minecraft:sweet_berries":19,"minecraft:torch":117,"minecraft:porkchop":9,"minecraft:spruce_log":15,"minecraft:pumpkin_seeds":3,"minecraft:rotten_flesh":31,"iceandfire:silver_sword":1,"minecraft:iron_block":4,"minecraft:scute":1,"minecraft:granite":3,"minecraft:gold_ingot":57,"minecraft:gray_wool":1,"minecraft:bread":3,"minecraft:oak_sapling":9,"minecraft:mutton":28,"minecraft:coal":301,"minecraft:white_wool":26,"minecraft:cobblestone":816},"minecraft:killed_by":{"iceandfire:fire_dragon":1},"minecraft:mined":{"minecraft:crafting_table":3,"minecraft:torch":5,"minecraft:granite":9,"minecraft:grass_block":1,"iceandfire:ghost_chest":1,"minecraft:chest":1,"minecraft:cobblestone":5,"minecraft:diorite":17,"minecraft:blue_bed":7,"minecraft:wall_torch":3,"minecraft:furnace":4,"minecraft:iron_ore":30,"minecraft:spruce_log":10,"minecraft:andesite":13,"minecraft:waxed_copper_block":2,"minecraft:oak_log":40,"minecraft:coal_ore":304,"minecraft:dirt":41,"minecraft:cracked_stone_bricks":3,"minecraft:iron_block":4,"minecraft:stone_bricks":2,"minecraft:stone":563,"minecraft:emerald_block":4,"minecraft:oak_leaves":20},"minecraft:dropped":{"minecraft:sweet_berries":24,"minecraft:iron_nugget":8,"minecraft:feather":8,"minecraft:cobblestone":689,"minecraft:rotten_flesh":31,"minecraft:light_gray_wool":1,"minecraft:scute":1,"minecraft:granite":1,"iceandfire:ectoplasm":4,"minecraft:cracked_stone_bricks":1,"minecraft:pumpkin_seeds":3,"minecraft:dirt":7,"iceandfire:ghost_chest":1,"minecraft:torch":114,"minecraft:andesite":12,"minecraft:oak_sapling":9,"minecraft:chest":1,"minecraft:stone_bricks":1,"minecraft:gold_nugget":10,"minecraft:white_wool":26,"iceandfire:manuscript":10,"minecraft:egg":1},"minecraft:used":{"minecraft:cooked_mutton":7,"iceandfire:silver_sword":10,"minecraft:stone_pickaxe":658,"minecraft:oak_planks":1,"minecraft:spruce_planks":36,"minecraft:wooden_pickaxe":59,"minecraft:cooked_salmon":3,"minecraft:blue_bed":6,"minecraft:cooked_chicken":7,"minecraft:torch":112,"minecraft:golden_apple":1,"minecraft:crafting_table":6,"minecraft:golden_shovel":32,"minecraft:granite":2,"minecraft:wooden_axe":42,"minecraft:iron_axe":60,"minecraft:iron_pickaxe":254,"minecraft:stone_bricks":1,"minecraft:stone_axe":70,"minecraft:cobblestone":143,"minecraft:oak_boat":2,"minecraft:furnace":6,"minecraft:cooked_porkchop":6,"minecraft:egg":1,"minecraft:cooked_beef":9},"minecraft:broken":{"minecraft:stone_pickaxe":5,"minecraft:stone_axe":1,"minecraft:wooden_axe":1,"minecraft:golden_shovel":1,"minecraft:wooden_pickaxe":1}},"DataVersion":3465}