{"stats":{"minecraft:crafted":{"minecraft:oak_planks":152,"biomesoplenty:mahogany_planks":64,"minecraft:cooked_chicken":11,"iceandfire:tide_purple_boots":1,"minecraft:furnace":3,"ironfurnaces:iron_furnace":1,"minecraft:cooked_mutton":24,"minecraft:iron_boots":2,"minecraft:iron_axe":2,"minecraft:stone_pickaxe":5,"minecraft:chest":1,"minecraft:cooked_beef":10,"minecraft:emerald":36,"minecraft:cooked_porkchop":9,"minecraft:crafting_table":4,"minecraft:spruce_planks":68,"minecraft:iron_helmet":2,"minecraft:wooden_pickaxe":1,"minecraft:cooked_salmon":3,"minecraft:stone_axe":1,"minecraft:air":0,"minecraft:oak_boat":1,"minecraft:iron_chestplate":2,"minecraft:gold_nugget":27,"minecraft:shield":1,"minecraft:stick":140,"minecraft:iron_ingot":67,"minecraft:iron_pickaxe":3,"minecraft:wooden_axe":1,"minecraft:iron_leggings":2,"minecraft:gold_ingot":8,"minecraft:torch":348},"minecraft:killed":{"lummobs:slabturtle_2":2,"minecraft:spider":1,"minecraft:skeleton":3,"iceandfire:siren":1,"minecraft:chicken":10,"iceandfire:deathworm":2,"minecraft:pig":7,"minecraft:salmon":3,"minecraft:sheep":17,"minecraft:zombie":33,"iceandfire:ghost":4,"iceandfire:sea_serpent":1,"minecraft:cow":18},"minecraft:custom":{"lootr:looted_stat":22,"minecraft:mob_kills":125,"minecraft:interact_with_crafting_table":30,"minecraft:leave_game":5,"minecraft:time_since_death":56144,"minecraft:climb_one_cm":2840,"minecraft:damage_resisted":47,"minecraft:sprint_one_cm":1083931,"minecraft:walk_one_cm":769019,"minecraft:damage_blocked_by_shield":800,"minecraft:drop":67,"minecraft:talked_to_villager":3,"minecraft:play_time":317186,"minecraft:sneak_time":7990,"minecraft:deaths":11,"minecraft:walk_under_water_one_cm":27977,"minecraft:boat_one_cm":168300,"minecraft:jump":5015,"minecraft:walk_on_water_one_cm":57817,"minecraft:total_world_time":317186,"minecraft:interact_with_furnace":45,"minecraft:interact_with_cartography_table":1,"minecraft:interact_with_grindstone":1,"minecraft:sleep_in_bed":11,"minecraft:time_since_rest":208,"minecraft:damage_taken":2147483647,"minecraft:damage_absorbed":239,"minecraft:trigger_trapped_chest":2,"minecraft:damage_dealt":19388,"minecraft:swim_one_cm":112190,"minecraft:fly_one_cm":480775,"minecraft:open_chest":11,"minecraft:crouch_one_cm":20374,"minecraft:fall_one_cm":93142},"minecraft:picked_up":{"minecraft:crafting_table":7,"minecraft:chicken":11,"minecraft:string":1,"iceandfire:manuscript":10,"minecraft:iron_axe":2,"minecraft:cracked_stone_bricks":1,"minecraft:gold_nugget":20,"minecraft:beef":39,"minecraft:oak_boat":2,"minecraft:iron_nugget":4,"minecraft:light_gray_wool":1,"minecraft:chest":1,"minecraft:furnace":4,"minecraft:iron_boots":1,"minecraft:egg":2,"minecraft:stick":6,"minecraft:raw_iron":64,"iceandfire:ghost_chest":1,"minecraft:torch":120,"minecraft:porkchop":9,"minecraft:prismarine_crystals":5,"iceandfire:sea_serpent_scales_purple":4,"minecraft:rotten_flesh":60,"minecraft:iron_block":4,"minecraft:gold_ingot":57,"minecraft:mutton":28,"minecraft:white_wool":26,"minecraft:cobblestone":848,"minecraft:feather":8,"minecraft:andesite":12,"minecraft:salmon":3,"minecraft:leather":22,"minecraft:potato":6,"minecraft:oak_log":38,"iceandfire:ectoplasm":4,"minecraft:dirt":16,"minecraft:blue_bed":11,"minecraft:cooked_mutton":4,"minecraft:bone":8,"minecraft:stone_bricks":2,"minecraft:wheat_seeds":5,"minecraft:iron_ingot":2,"ironfurnaces:iron_furnace":1,"minecraft:polished_andesite_stairs":1,"minecraft:emerald_block":4,"minecraft:sweet_berries":19,"iceandfire:ash":2,"minecraft:sand":18,"minecraft:spruce_log":15,"minecraft:mossy_cobblestone":5,"biomesoplenty:mahogany_log":270,"minecraft:pumpkin_seeds":3,"iceandfire:silver_sword":1,"minecraft:scute":1,"minecraft:granite":3,"minecraft:gray_wool":1,"minecraft:bread":3,"minecraft:oak_sapling":9,"minecraft:coal":364},"minecraft:killed_by":{"iceandfire:cyclops":2,"minecraft:spider":1,"iceandfire:gorgon":1,"iceandfire:lightning_dragon":2,"minecraft:zombie":1,"iceandfire:fire_dragon":1},"minecraft:mined":{"minecraft:mossy_cobblestone":9,"minecraft:jungle_leaves":2,"minecraft:granite":9,"minecraft:grass_block":2,"minecraft:redstone_wire":1,"minecraft:spawner":12,"minecraft:smooth_stone":2,"minecraft:furnace":4,"minecraft:iron_ore":65,"minecraft:fire":2,"minecraft:andesite":13,"biomesoplenty:mahogany_leaves":9,"minecraft:vine":1,"minecraft:stone":606,"minecraft:iron_block":4,"minecraft:cyan_terracotta":2,"minecraft:soul_sand":1,"ironfurnaces:iron_furnace":1,"minecraft:crafting_table":6,"minecraft:torch":5,"minecraft:calcite":1,"minecraft:polished_andesite_stairs":2,"iceandfire:ghost_chest":1,"minecraft:chest":1,"minecraft:tall_grass":1,"minecraft:cobblestone":17,"minecraft:diorite":17,"minecraft:blue_bed":11,"minecraft:wall_torch":3,"minecraft:coarse_dirt":1,"biomesoplenty:mahogany_log":286,"minecraft:spruce_log":10,"minecraft:waxed_copper_block":2,"iceandfire:ash":1,"minecraft:smooth_stone_slab":2,"minecraft:grass":2,"minecraft:oak_log":40,"minecraft:coal_ore":304,"minecraft:sand":18,"minecraft:dirt":42,"minecraft:smooth_basalt":3,"minecraft:cracked_stone_bricks":3,"minecraft:stone_bricks":2,"minecraft:oak_leaves":20,"minecraft:emerald_block":4},"minecraft:dropped":{"minecraft:wheat_seeds":5,"minecraft:mossy_cobblestone":5,"minecraft:crafting_table":1,"minecraft:feather":8,"minecraft:cobblestone":711,"minecraft:prismarine_crystals":5,"minecraft:scute":1,"minecraft:granite":1,"iceandfire:ectoplasm":4,"minecraft:cracked_stone_bricks":1,"minecraft:dirt":16,"minecraft:torch":114,"minecraft:polished_andesite_stairs":1,"minecraft:gold_nugget":18,"minecraft:sand":18,"minecraft:iron_axe":2,"minecraft:white_wool":26,"minecraft:sweet_berries":24,"minecraft:iron_nugget":8,"minecraft:rotten_flesh":58,"minecraft:light_gray_wool":1,"minecraft:iron_boots":2,"minecraft:pumpkin_seeds":3,"iceandfire:ghost_chest":1,"minecraft:spruce_planks":6,"minecraft:andesite":12,"minecraft:oak_boat":1,"minecraft:oak_sapling":9,"minecraft:chest":1,"minecraft:stone_bricks":1,"iceandfire:manuscript":10,"minecraft:egg":1},"minecraft:used":{"iceandfire:silver_sword":144,"minecraft:spruce_planks":50,"minecraft:shield":32,"minecraft:cooked_salmon":3,"minecraft:cooked_chicken":11,"minecraft:torch":296,"minecraft:golden_shovel":32,"minecraft:granite":2,"minecraft:wooden_axe":42,"minecraft:iron_axe":366,"minecraft:stone_bricks":1,"ironfurnaces:iron_furnace":1,"minecraft:furnace":6,"minecraft:egg":1,"minecraft:cooked_beef":10,"minecraft:enchanted_golden_apple":1,"minecraft:cooked_mutton":28,"minecraft:stone_pickaxe":658,"minecraft:oak_planks":50,"minecraft:wooden_pickaxe":59,"minecraft:blue_bed":11,"biomesoplenty:mahogany_log":1,"minecraft:golden_apple":3,"minecraft:crafting_table":10,"minecraft:apple":3,"minecraft:bread":9,"minecraft:iron_pickaxe":381,"iceandfire:ash":1,"minecraft:stone_axe":70,"minecraft:diamond_sword":49,"minecraft:cobblestone":152,"minecraft:cooked_porkchop":9,"minecraft:oak_boat":2,"minecraft:experience_bottle":2},"minecraft:broken":{"minecraft:iron_chestplate":1,"minecraft:golden_shovel":1,"minecraft:iron_leggings":1,"minecraft:wooden_pickaxe":1,"minecraft:stone_pickaxe":5,"minecraft:iron_axe":1,"minecraft:stone_axe":1,"minecraft:iron_pickaxe":1,"iceandfire:tide_purple_boots":1,"minecraft:iron_helmet":1,"minecraft:wooden_axe":1}},"DataVersion":3465}