{"stats":{"minecraft:crafted":{"minecraft:cooked_beef":2,"minecraft:oak_planks":36,"minecraft:crafting_table":3,"minecraft:wooden_pickaxe":1,"minecraft:furnace":1,"minecraft:bread":177,"minecraft:cooked_mutton":2,"minecraft:oak_boat":1,"minecraft:stick":32,"minecraft:stone_pickaxe":6,"minecraft:stone_sword":1,"minecraft:torch":88,"minecraft:wheat":531},"minecraft:killed":{"minecraft:pig":4,"minecraft:salmon":2,"minecraft:spider":1,"minecraft:skeleton":1,"minecraft:zombie":5,"minecraft:cow":5},"minecraft:custom":{"lootr:looted_stat":2,"minecraft:interact_with_furnace":9,"minecraft:mob_kills":18,"minecraft:interact_with_crafting_table":13,"minecraft:leave_game":1,"minecraft:time_since_death":76148,"minecraft:sleep_in_bed":6,"minecraft:time_since_rest":2133,"minecraft:sprint_one_cm":83731,"minecraft:damage_taken":516,"minecraft:walk_one_cm":233378,"minecraft:trigger_trapped_chest":1,"minecraft:drop":28,"minecraft:damage_dealt":2224,"minecraft:swim_one_cm":4229,"minecraft:fly_one_cm":76664,"minecraft:open_chest":7,"minecraft:crouch_one_cm":682,"minecraft:play_time":76148,"minecraft:sneak_time":188,"minecraft:walk_under_water_one_cm":2838,"minecraft:boat_one_cm":165327,"minecraft:jump":649,"minecraft:walk_on_water_one_cm":3208,"minecraft:total_world_time":76148,"minecraft:fall_one_cm":12244},"minecraft:picked_up":{"biomesoplenty:lavender":1,"minecraft:crafting_table":2,"minecraft:andesite":37,"minecraft:salmon":1,"minecraft:leather":11,"minecraft:potato":1,"minecraft:enchanted_book":1,"biomesoplenty:jacaranda_sapling":2,"minecraft:flint":6,"minecraft:tuff":27,"minecraft:oak_log":9,"minecraft:lapis_lazuli":109,"minecraft:music_disc_cat":1,"minecraft:dirt":35,"minecraft:string":2,"biomesoplenty:tall_lavender":1,"minecraft:bone":2,"minecraft:wheat_seeds":14,"minecraft:raw_gold":11,"minecraft:cobbled_deepslate":315,"minecraft:comparator":11,"minecraft:spruce_planks":1,"minecraft:iron_ingot":38,"minecraft:beef":7,"minecraft:stone_pickaxe":1,"minecraft:iron_pickaxe":1,"biomesoplenty:wildflower":7,"minecraft:sugar_cane":2,"minecraft:chest":1,"minecraft:raw_iron":22,"minecraft:stick":11,"minecraft:torch":17,"minecraft:gravel":46,"minecraft:porkchop":9,"minecraft:diorite":41,"minecraft:white_bed":4,"minecraft:carrot":10,"minecraft:redstone":68,"minecraft:spruce_door":2,"minecraft:stone_shovel":1,"minecraft:arrow":2,"minecraft:rotten_flesh":16,"biomesoplenty:jacaranda_log":40,"minecraft:diamond":6,"minecraft:beetroot_seeds":2,"minecraft:stone_axe":1,"minecraft:hay_block":23,"minecraft:granite":15,"minecraft:emerald":9,"minecraft:oak_sapling":5,"minecraft:black_wool":1,"minecraft:mutton":2,"minecraft:coal":183,"minecraft:skeleton_skull":1,"minecraft:white_wool":1,"minecraft:cobblestone":239},"minecraft:mined":{"minecraft:deepslate_redstone_ore":15,"minecraft:tuff":27,"minecraft:white_bed":4,"minecraft:deepslate_diamond_ore":6,"minecraft:crafting_table":2,"minecraft:torch":11,"minecraft:granite":16,"biomesoplenty:bush":1,"minecraft:grass_block":2,"minecraft:chest":1,"minecraft:deepslate_gold_ore":8,"minecraft:lapis_ore":8,"minecraft:sugar_cane":2,"minecraft:diorite":41,"minecraft:wall_torch":3,"minecraft:hay_block":23,"minecraft:carrots":10,"minecraft:iron_ore":17,"minecraft:wheat":14,"minecraft:andesite":37,"minecraft:deepslate_lapis_ore":8,"minecraft:grass":2,"minecraft:potatoes":1,"minecraft:oak_log":9,"minecraft:coal_ore":150,"minecraft:deepslate_iron_ore":6,"minecraft:beetroots":2,"minecraft:gravel":52,"minecraft:dirt":31,"minecraft:stone":220,"minecraft:deepslate":334,"minecraft:oak_leaves":1},"minecraft:dropped":{"minecraft:bread":61,"minecraft:rotten_flesh":8,"minecraft:torch":22},"minecraft:used":{"minecraft:cooked_mutton":2,"minecraft:diorite":32,"minecraft:stone_sword":76,"minecraft:stone_shovel":16,"minecraft:stone_pickaxe":767,"minecraft:chest":1,"minecraft:wooden_pickaxe":59,"minecraft:torch":68,"minecraft:dirt":3,"minecraft:crafting_table":5,"minecraft:white_bed":2,"minecraft:bread":4,"minecraft:iron_pickaxe":133,"minecraft:gravel":2,"minecraft:stone_axe":2,"minecraft:furnace":1,"minecraft:oak_boat":1,"minecraft:cooked_beef":2},"minecraft:broken":{"minecraft:stone_pickaxe":6,"minecraft:wooden_pickaxe":1}},"DataVersion":3465}