{"stats":{"minecraft:crafted":{"minecraft:cooked_beef":7,"minecraft:oak_planks":44,"minecraft:leather_boots":1,"minecraft:crafting_table":2,"minecraft:spruce_planks":24,"minecraft:wooden_pickaxe":1,"minecraft:furnace":1,"minecraft:leather_helmet":1,"minecraft:stone_axe":3,"minecraft:cooked_mutton":8,"minecraft:air":0,"minecraft:glass":46,"minecraft:stick":20,"minecraft:iron_ingot":1,"minecraft:leather_chestplate":1,"minecraft:stone_pickaxe":2,"minecraft:chest":4,"minecraft:iron_shovel":1,"minecraft:white_bed":2,"minecraft:torch":16},"minecraft:killed":{"minecraft:pig":10,"minecraft:spider":3,"minecraft:sheep":26,"minecraft:horse":2,"minecraft:skeleton":1,"iceandfire:ghost":1,"minecraft:chicken":3,"minecraft:cow":15},"minecraft:custom":{"lootr:looted_stat":3,"minecraft:interact_with_furnace":21,"minecraft:mob_kills":62,"minecraft:interact_with_crafting_table":24,"minecraft:damage_dealt_resisted":11,"minecraft:leave_game":2,"minecraft:time_since_death":64312,"minecraft:sleep_in_bed":3,"minecraft:time_since_rest":21747,"minecraft:sprint_one_cm":192717,"minecraft:damage_taken":704,"minecraft:walk_one_cm":355442,"minecraft:trigger_trapped_chest":2,"minecraft:drop":7,"minecraft:damage_dealt":6460,"minecraft:talked_to_villager":1,"minecraft:swim_one_cm":14802,"minecraft:fly_one_cm":285942,"minecraft:open_chest":50,"minecraft:crouch_one_cm":12956,"minecraft:play_time":74445,"minecraft:deaths":1,"minecraft:sneak_time":3675,"minecraft:walk_under_water_one_cm":3337,"minecraft:jump":1743,"minecraft:walk_on_water_one_cm":8207,"minecraft:total_world_time":74445,"minecraft:fall_one_cm":53852},"minecraft:picked_up":{"minecraft:wheat":1,"minecraft:crafting_table":4,"minecraft:feather":4,"minecraft:lilac":4,"minecraft:chicken":3,"minecraft:andesite":27,"minecraft:brown_wool":1,"minecraft:leather":19,"minecraft:oak_stairs":60,"minecraft:potato":2,"minecraft:wither_rose":2,"minecraft:oak_log":11,"minecraft:yellow_bed":3,"minecraft:oak_trapdoor":8,"minecraft:string":4,"minecraft:dirt":153,"minecraft:cooked_mutton":5,"minecraft:bone":1,"minecraft:beetroot":1,"minecraft:stone_bricks":4,"minecraft:wheat_seeds":3,"minecraft:iron_nugget":3,"minecraft:beef":34,"minecraft:fletching_table":1,"minecraft:iron_pickaxe":1,"minecraft:oak_planks":1,"minecraft:sugar_cane":15,"minecraft:birch_sapling":1,"minecraft:oak_slab":2,"minecraft:furnace":2,"minecraft:egg":3,"minecraft:stick":1,"iceandfire:ghost_chest":2,"minecraft:oak_door":2,"minecraft:composter":2,"minecraft:torch":2,"minecraft:dandelion":3,"minecraft:sand":49,"minecraft:porkchop":22,"minecraft:carrot":1,"minecraft:white_bed":3,"minecraft:spruce_log":13,"minecraft:arrow":2,"minecraft:rotten_flesh":2,"minecraft:beetroot_seeds":2,"minecraft:hay_block":36,"minecraft:granite":28,"iceandfire:raw_silver":3,"minecraft:oak_sapling":6,"minecraft:black_wool":1,"minecraft:mutton":38,"minecraft:coal":20,"minecraft:skeleton_skull":2,"minecraft:white_wool":23,"minecraft:cobblestone":52,"minecraft:oxeye_daisy":2},"minecraft:killed_by":{"minecraft:zombie":1},"minecraft:dropped":{"minecraft:iron_nugget":3,"minecraft:lilac":2,"minecraft:cooked_mutton":4,"minecraft:white_bed":1,"minecraft:oxeye_daisy":1,"minecraft:dandelion":2},"minecraft:mined":{"minecraft:oak_slab":2,"iceandfire:silver_ore":3,"minecraft:white_bed":2,"minecraft:oak_sapling":1,"minecraft:oak_door":2,"minecraft:powder_snow":2,"minecraft:crafting_table":4,"minecraft:granite":30,"biomesoplenty:bush":3,"minecraft:grass_block":22,"iceandfire:ghost_chest":2,"minecraft:oak_planks":1,"minecraft:cobblestone":2,"minecraft:tall_grass":1,"minecraft:spruce_leaves":4,"minecraft:composter":2,"minecraft:sugar_cane":7,"minecraft:wall_torch":2,"minecraft:skeleton_skull":2,"minecraft:hay_block":36,"minecraft:oak_trapdoor":8,"minecraft:furnace":2,"minecraft:carrots":1,"minecraft:wheat":4,"minecraft:lilac":1,"minecraft:spruce_log":13,"minecraft:andesite":27,"minecraft:birch_leaves":2,"minecraft:fletching_table":1,"minecraft:yellow_bed":3,"minecraft:wither_rose":2,"minecraft:grass":2,"minecraft:coal_ore":16,"minecraft:potatoes":2,"minecraft:oak_log":11,"minecraft:beetroots":1,"minecraft:oak_stairs":62,"minecraft:sand":50,"minecraft:dirt":120,"minecraft:stone_bricks":4,"minecraft:stone":50,"biomesoplenty:reed":1,"minecraft:oak_leaves":38},"minecraft:used":{"minecraft:wheat_seeds":3,"minecraft:cooked_mutton":9,"minecraft:iron_shovel":140,"minecraft:stone_pickaxe":145,"minecraft:chest":4,"minecraft:wooden_pickaxe":21,"minecraft:leather_chestplate":1,"minecraft:oak_door":2,"minecraft:torch":16,"minecraft:dirt":70,"minecraft:crafting_table":6,"minecraft:white_bed":4,"minecraft:granite":6,"minecraft:spruce_log":2,"minecraft:glass":4,"minecraft:oak_stairs":34,"iceandfire:ghost_chest":2,"minecraft:stone_axe":269,"minecraft:oak_sapling":1,"minecraft:furnace":3,"minecraft:beetroot_seeds":2,"minecraft:andesite":1,"minecraft:yellow_bed":2,"minecraft:egg":1,"minecraft:potato":1,"minecraft:cooked_beef":3},"minecraft:broken":{"minecraft:stone_pickaxe":1,"minecraft:stone_axe":2}},"DataVersion":3465}