{"stats":{"minecraft:crafted":{"minecraft:oak_planks":80,"minecraft:leather_leggings":1,"minecraft:leather_boots":1,"minecraft:furnace":1,"minecraft:cooked_mutton":34,"minecraft:glass":46,"minecraft:stone_pickaxe":2,"minecraft:chest":4,"minecraft:stone_hoe":1,"iceandfire:silver_axe":1,"minecraft:cooked_beef":48,"minecraft:cooked_porkchop":26,"iceandfire:silver_ingot":3,"minecraft:crafting_table":2,"minecraft:spruce_planks":36,"minecraft:wooden_pickaxe":1,"minecraft:leather_helmet":1,"minecraft:stone_axe":3,"minecraft:air":0,"minecraft:stick":36,"minecraft:iron_ingot":1,"minecraft:leather_chestplate":1,"minecraft:iron_shovel":1,"minecraft:white_bed":2,"minecraft:torch":72},"minecraft:killed":{"minecraft:spider":3,"minecraft:horse":2,"minecraft:skeleton":1,"minecraft:chicken":3,"minecraft:pig":12,"minecraft:sheep":26,"minecraft:zombie":1,"iceandfire:ghost":5,"minecraft:cow":19},"minecraft:custom":{"lootr:looted_stat":3,"minecraft:mob_kills":73,"minecraft:interact_with_crafting_table":29,"minecraft:damage_dealt_resisted":11,"minecraft:leave_game":4,"minecraft:time_since_death":153094,"minecraft:sprint_one_cm":278798,"minecraft:walk_one_cm":478628,"minecraft:drop":10,"minecraft:talked_to_villager":2,"minecraft:play_time":163227,"minecraft:deaths":1,"minecraft:sneak_time":5598,"minecraft:walk_under_water_one_cm":4122,"minecraft:jump":2369,"minecraft:walk_on_water_one_cm":8560,"minecraft:total_world_time":163227,"minecraft:interact_with_furnace":40,"minecraft:sleep_in_bed":3,"minecraft:time_since_rest":110529,"minecraft:damage_taken":1154,"minecraft:trigger_trapped_chest":6,"minecraft:damage_dealt":8468,"minecraft:swim_one_cm":16236,"minecraft:fly_one_cm":382223,"minecraft:open_chest":106,"minecraft:crouch_one_cm":24034,"minecraft:fall_one_cm":72787},"minecraft:picked_up":{"minecraft:crafting_table":4,"minecraft:wheat":13,"minecraft:chicken":3,"minecraft:oak_stairs":60,"minecraft:wither_rose":2,"minecraft:oak_trapdoor":8,"minecraft:string":4,"minecraft:beetroot":3,"minecraft:beef":44,"minecraft:iron_nugget":3,"minecraft:iron_pickaxe":1,"minecraft:sugar_cane":15,"minecraft:birch_sapling":1,"minecraft:egg":3,"minecraft:furnace":2,"minecraft:stick":5,"iceandfire:ghost_chest":2,"minecraft:oak_door":2,"minecraft:composter":2,"minecraft:torch":2,"minecraft:porkchop":26,"minecraft:carrot":74,"minecraft:arrow":2,"minecraft:rotten_flesh":3,"minecraft:beetroot_seeds":13,"minecraft:hay_block":36,"minecraft:mutton":38,"minecraft:skeleton_skull":2,"minecraft:white_wool":23,"minecraft:cobblestone":53,"minecraft:oxeye_daisy":2,"minecraft:feather":4,"minecraft:lilac":4,"minecraft:andesite":27,"minecraft:leather":25,"minecraft:brown_wool":1,"minecraft:potato":14,"minecraft:oak_log":20,"minecraft:yellow_bed":3,"minecraft:dirt":155,"minecraft:cooked_mutton":5,"minecraft:bone":1,"minecraft:stone_bricks":4,"minecraft:wheat_seeds":57,"minecraft:fletching_table":1,"minecraft:oak_planks":1,"minecraft:oak_slab":2,"iceandfire:ash":3,"minecraft:dandelion":3,"minecraft:sand":49,"minecraft:white_bed":3,"minecraft:spruce_log":13,"minecraft:granite":28,"minecraft:bone_meal":1,"minecraft:oak_sapling":9,"minecraft:black_wool":1,"minecraft:coal":37,"iceandfire:raw_silver":4},"minecraft:killed_by":{"minecraft:zombie":1},"minecraft:dropped":{"minecraft:lilac":2,"minecraft:oxeye_daisy":1,"minecraft:dandelion":2,"minecraft:iron_nugget":3,"minecraft:rotten_flesh":3,"minecraft:cooked_mutton":4,"minecraft:white_bed":1},"minecraft:mined":{"minecraft:white_bed":2,"minecraft:oak_sapling":1,"iceandfire:silver_ore":4,"minecraft:oak_door":2,"minecraft:glow_lichen":1,"minecraft:granite":30,"biomesoplenty:bush":7,"minecraft:grass_block":23,"minecraft:spruce_leaves":4,"minecraft:composter":2,"minecraft:hay_block":36,"minecraft:oak_trapdoor":8,"minecraft:furnace":2,"minecraft:carrots":26,"minecraft:andesite":27,"minecraft:fletching_table":1,"minecraft:potatoes":6,"minecraft:dirt_path":1,"minecraft:oak_stairs":62,"minecraft:stone":51,"minecraft:oak_slab":2,"minecraft:powder_snow":2,"minecraft:crafting_table":4,"iceandfire:ghost_chest":2,"minecraft:tall_grass":1,"minecraft:cobblestone":2,"minecraft:sugar_cane":7,"minecraft:oak_planks":1,"minecraft:wall_torch":2,"minecraft:skeleton_skull":2,"minecraft:wheat":34,"minecraft:lilac":1,"minecraft:spruce_log":13,"minecraft:birch_leaves":2,"iceandfire:ash":3,"minecraft:yellow_bed":3,"minecraft:wither_rose":2,"minecraft:grass":2,"minecraft:oak_log":20,"minecraft:coal_ore":33,"minecraft:beetroots":7,"minecraft:sand":50,"minecraft:dirt":120,"minecraft:stone_bricks":4,"minecraft:oak_leaves":56,"biomesoplenty:reed":1},"minecraft:used":{"minecraft:beetroot":1,"minecraft:iron_shovel":141,"minecraft:chest":4,"minecraft:stone_hoe":5,"minecraft:oak_door":2,"minecraft:torch":24,"minecraft:dirt":70,"minecraft:carrot":28,"minecraft:granite":6,"minecraft:glass":4,"minecraft:oak_stairs":34,"iceandfire:ghost_chest":2,"minecraft:furnace":3,"minecraft:oak_sapling":1,"minecraft:beetroot_seeds":13,"minecraft:egg":1,"minecraft:cooked_beef":9,"minecraft:potato":11,"minecraft:wheat_seeds":57,"minecraft:cooked_mutton":9,"minecraft:stone_pickaxe":168,"minecraft:leather_chestplate":1,"minecraft:wooden_pickaxe":21,"minecraft:crafting_table":6,"minecraft:white_bed":4,"iceandfire:silver_axe":55,"minecraft:spruce_log":2,"minecraft:stone_axe":273,"minecraft:andesite":1,"minecraft:yellow_bed":2},"minecraft:broken":{"minecraft:stone_pickaxe":1,"minecraft:stone_axe":2}},"DataVersion":3465}